{
  "timestamp": "20250719_052927",
  "class_names": [
    "cat",
    "dog",
    "tiger"
  ],
  "pca_components": 110,
  "image_size": [
    128,
    128
  ],
  "cv_score": 0.8358043453788134,
  "cv_std": 0.025922875527701172,
  "val_score": 0.8078817733990148,
  "test_score": null,
  "model_file": "pipeline.pkl"
}